Molarity,NaCl,Sucrose,Arginine,pH,Buffer,Concentration (mg/mL),Formulation ID,Base Value,Predicted Value
-2.8918141146964193e-08,2.5298852714448943e-10,3.1792335248123717e-09,-9.347943460746361e-09,7.516649313013759e-09,-1.3164551075615794e-08,1.3539361971651156e-08,1,3.012718037819096e-07,2.74329401435205e-07
-2.9536241184436856e-08,2.3852967687719086e-10,3.1861945329700324e-09,-1.0200372840576796e-08,7.272935361886471e-09,-1.3412723427510636e-08,7.594387255057846e-09,1,3.012718037819096e-07,2.6641451315617686e-07
-3.0386297867788745e-08,2.0629833386653225e-10,3.1715348485212083e-09,-1.1735421146110555e-08,6.713045771560119e-09,-1.3745419104203207e-08,-4.523487109806879e-09,1,3.012718037819096e-07,2.5097205750794806e-07
-3.0657785932736776e-08,1.723388393695148e-10,3.1206106696030405e-09,-1.2920997924639655e-08,6.104340586900437e-09,-1.383409234061797e-08,-1.5943480943630113e-08,1,3.012718037819096e-07,2.3731273673615805e-07
-1.0693797491416889e-09,-4.506958599929395e-10,-1.6936761701379942e-09,-5.7441453315843737e-08,-1.0164523354700791e-08,1.3630254141414867e-08,1.2782396829087585e-08,2,3.012718037819096e-07,2.5686472630259487e-07
-1.1762530030400892e-09,-4.689013682963312e-10,-1.7450732482427928e-09,-5.910957281809249e-08,-1.037122167407297e-08,1.4033850176946531e-08,6.915721157419304e-09,2,3.012718037819096e-07,2.4935035300453073e-07
-1.408551901860136e-09,-4.961689618738787e-10,-1.8288769570942517e-09,-6.136404889936408e-08,-1.056670061591183e-08,1.4737508191496978e-08,-4.488909667269718e-09,2,3.012718037819096e-07,2.3585605497003267e-07
-1.6464100972486028e-09,-5.091825870275827e-10,-1.8809196195429394e-09,-6.20134064404324e-08,-1.04605554661118e-08,1.5244373567328696e-08,-1.4530210810552505e-08,2,3.012718037819096e-07,2.2547549232832245e-07
-9.89324571721699e-09,1.7223154892198934e-10,-2.169253330709637e-09,-2.0346759268157187e-08,-9.079380386165347e-09,1.2315992578575844e-08,8.803737686195222e-09,3,3.012718037819096e-07,2.810751268933535e-07
-9.484813745026507e-09,1.793954185429361e-10,-2.13615485086298e-09,-1.974316033549647e-08,-7.71079280263725e-09,1.2502483516359514e-08,4.88427934218891e-09,3,3.012718037819096e-07,2.797630403249777e-07
-8.61505820603097e-09,1.920763346361393e-10,-2.0631692608927033e-09,-1.8155228604864612e-08,-4.972503491190457e-09,1.2746387775637592e-08,-2.9789700401784583e-09,3,3.012718037819096e-07,2.774253382890261e-07
-7.746657345766363e-09,2.0154377518888098e-10,-1.987480379868276e-09,-1.619908934819503e-08,-2.4589300941833767e-09,1.2798507069325935e-08,-1.0233970419307107e-08,3,3.012718037819096e-07,2.7564572703910425e-07
2.19732319400165e-08,3.270793541467145e-10,2.3263050321473894e-09,1.4031640926468374e-08,-6.4059233170623165e-09,-2.7184626144749065e-09,1.0571161370592473e-08,4,3.012718037819096e-07,3.413768364737438e-07
2.23619848963435e-08,3.678179629133998e-10,2.3377925609919565e-09,1.4126566088493842e-08,-6.709091107567556e-09,-2.720931947450542e-09,6.419451823479088e-09,4,3.012718037819096e-07,3.374553940591133e-07
2.2824205428206365e-08,4.4343300883646734e-10,2.3250480513314896e-09,1.4009909535364805e-08,-7.406589337305875e-09,-2.719071744258098e-09,-3.0854553609107116e-09,4,3.012718037819096e-07,3.27663283363174e-07
2.2832521469413195e-08,5.050882115206207e-10,2.2663191943450768e-09,1.3499663769430497e-08,-8.172244669465422e-09,-2.7080776659720434e-09,-1.3393828016610578e-08,4,3.012718037819096e-07,3.161012460745709e-07
-1.0801465272916513e-08,4.581907952220811e-11,-1.2149996626546918e-10,1.5030428824957995e-08,-1.3047937930712598e-08,-5.1449100713512995e-09,1.1319441317865937e-08,5,3.012718037819096e-07,2.9855167976300986e-07
-1.1145689411411696e-08,3.6039781783948705e-11,-1.4335403240444898e-10,1.514898704175822e-08,-1.3438421566693409e-08,-5.196652663091031e-09,6.614835939635337e-09,5,3.012718037819096e-07,2.931475488714865e-07
-1.1719185012934815e-08,1.5484316515183115e-11,-1.9197600959239205e-10,1.5113682725814254e-08,-1.417275243858195e-08,-5.251147184019049e-09,-3.540101192227234e-09,5,3.012718037819096e-07,2.815258089868836e-07
-1.2094039531087482e-08,-4.695733942690425e-12,-2.430874804674101e-10,1.4723031949408486e-08,-1.4789698664926283e-08,-5.2362772564630686e-09,-1.3844100605652243e-08,5,3.012718037819096e-07,2.697829364587789e-07
-2.2931527691585797e-09,-4.730460657632859e-10,-7.476874843276488e-09,2.6332232149233597e-09,-1.3876886531917822e-08,1.0855393481747381e-08,1.1588801064577416e-08,6,3.012718037819096e-07,3.022292613330416e-07
-2.522982751373342e-09,-5.168631429170393e-10,-7.485686809491159e-09,2.422031670365792e-09,-1.4636584023219256e-08,1.1162574436285014e-08,6.790554614259901e-09,6,3.012718037819096e-07,2.9648484777581947e-07
-2.9896287531343612e-09,-5.947593404349216e-10,-7.4239759636119954e-09,1.8313036837200514e-09,-1.612580797926798e-08,1.1657700875714157e-08,-3.6106440550804725e-09,6,3.012718037819096e-07,2.8401599224981404e-07
-3.427398843779922e-09,-6.534065875516594e-10,-7.263095096151005e-09,1.0680093398660125e-09,-1.7456213130026002e-08,1.1953554018430485e-08,-1.4220333331493887e-08,6,3.012718037819096e-07,2.712729201512036e-07
1.2464366824637137e-08,-2.330135914610702e-10,3.142787528362976e-09,1.585669653260778e-08,1.2999161021197274e-08,-2.246645193974901e-09,9.596897046318251e-09,7,3.012718037819096e-07,3.52852053949597e-07
1.2600330048087934e-08,-2.2499726560904387e-10,3.0741612836442534e-09,1.666505669466408e-08,1.3065815251878379e-08,-2.48555156036916e-09,5.802759965779108e-09,7,3.012718037819096e-07,3.497693781999851e-07
1.275361556641701e-08,-2.0432482404808025e-10,2.8988074851686246e-09,1.8035920657408675e-08,1.3272951613416369e-08,-2.9648094125564665e-09,-2.829086391100355e-09,7,3.012718037819096e-07,3.4223487847661536e-07
1.2738554255308375e-08,-1.792269841330747e-10,2.687956491048021e-09,1.8972506034165096e-08,1.3563644967422354e-08,-3.405877325884932e-09,-1.2119488355564395e-08,7,3.012718037819096e-07,3.3352987286427103e-07
2.0773957109757866e-10,4.748804614824538e-10,-6.6958789714067216e-09,2.0499564132809877e-09,-1.2767784886201305e-08,1.1705146654209028e-08,1.1611286135734954e-08,8,3.012718037819096e-07,3.078571491601066e-07
2.588262567784966e-11,5.240695502840017e-10,-6.7062120614554535e-09,1.7535993689047623e-09,-1.3491305916588389e-08,1.1990447542167777e-08,6.816329760499013e-09,8,3.012718037819096e-07,3.021846146513991e-07
-3.783216076089091e-10,6.139534417432101e-10,-6.658253441703342e-09,1.0075915113983457e-09,-1.492859202505467e-08,1.2428273751685262e-08,-3.6056798259491482e-09,8,3.012718037819096e-07,2.8975077558642035e-07
-8.029888244305702e-10,6.85250563611797e-10,-6.524096663627305e-09,1.213163561654098e-10,-1.6238243975082565e-08,1.2653593958975731e-08,-1.427089485988438e-08,8,3.012718037819096e-07,2.768957403376377e-07
-6.114337119124575e-09,1.797871842956676e-10,-1.7015026138841215e-09,-3.724136995837401e-08,-2.2065639788484562e-08,1.6292600801426014e-08,1.2444773212126622e-08,9,3.012718037819096e-07,2.630661154998906e-07
-6.190529634084464e-09,1.8833650787668305e-10,-1.7390825638855612e-09,-3.8395451810979336e-08,-2.2098965337753266e-08,1.6487223971461302e-08,6.815774329431065e-09,9,3.012718037819096e-07,2.56339109243976e-07
-6.320124833802552e-09,2.0303161737090364e-10,-1.7989723937909679e-09,-3.993492626239921e-08,-2.1845830859737695e-08,1.6709776906491047e-08,-4.296692974569166e-09,9,3.012718037819096e-07,2.4398806498147197e-07
-6.408876423007092e-09,2.1336886799678617e-10,-1.8339949101391789e-09,-4.0339574776825343e-08,-2.1194055328312695e-08,1.6691954481223856e-08,-1.431126641674545e-08,9,3.012718037819096e-07,2.3408935927610045e-07
-1.3631816424337682e-08,9.558805836487929e-10,5.430635590453559e-09,1.2246724195325606e-08,6.1015972309843614e-09,-6.645110534246033e-09,1.1703667451115125e-08,10,3.012718037819096e-07,3.174333818748533e-07
-1.4094144630774178e-08,9.311669893331047e-10,5.392484120764822e-09,1.2506032260538424e-08,6.207686513792992e-09,-6.975559474302314e-09,6.867910186622304e-09,10,3.012718037819096e-07,3.1210737974788475e-07
-1.4887742332141322e-08,8.65859259839971e-10,5.25395282687108e-09,1.269403223189963e-08,6.345053159939551e-09,-7.58657469823761e-09,-3.6394453720346254e-09,10,3.012718037819096e-07,3.0031693885804627e-07
-1.544378097257363e-08,7.849811060745281e-10,5.045111620544089e-09,1.2433131134953222e-08,6.373980364264926e-09,-8.080817062766863e-09,-1.4379443609850045e-08,10,3.012718037819096e-07,2.8800496636255583e-07
1.978865834049136e-08,-2.916157898909397e-10,7.464689766334003e-10,-4.106164165324471e-09,-1.2899142531459844e-08,8.730655842503859e-09,1.2173180321597713e-08,11,3.012718037819096e-07,3.2541384477646067e-07
1.9756932729598153e-08,-3.29844035698563e-10,7.17616483650588e-10,-4.892439671469195e-09,-1.3028745321962666e-08,8.585553873378451e-09,7.133500770059602e-09,11,3.012718037819096e-07,3.1921437860946594e-07
1.9442419306682024e-08,-4.0158442040126285e-10,6.483651547015084e-10,-6.354431895711175e-09,-1.3287358912983525e-08,8.208523756282925e-09,-3.780292374773889e-09,11,3.012718037819096e-07,3.057474443957062e-07
1.8822649586892205e-08,-4.6121540703255217e-10,5.696256442127004e-10,-7.552302163448104e-09,-1.352523170156382e-08,7.746518487074221e-09,-1.4901868173124612e-08,11,3.012718037819096e-07,2.919699800549196e-07
4.166645797403331e-09,5.456653660554866e-10,-1.1763608343134886e-09,-1.2140856707868344e-08,4.413451967981164e-09,-1.194414568206306e-08,1.4251503588177443e-08,12,3.012718037819096e-07,2.9938770727728214e-07
4.0756876895419846e-09,5.694356970986331e-10,-1.2263958124259673e-09,-1.3583927390503276e-08,4.143107920053383e-09,-1.2145891455463352e-08,8.042929636890201e-09,12,3.012718037819096e-07,2.911467500671012e-07
3.828469171797656e-09,6.062424793541071e-10,-1.317373519954789e-09,-1.620139680974406e-08,3.6003523625161094e-09,-1.2412751182271991e-08,-4.707418000042295e-09,12,3.012718037819096e-07,2.746679282835643e-07
3.515302641006104e-09,6.259073855003338e-10,-1.3889436251908379e-09,-1.8253275882979784e-08,3.0997960552091107e-09,-1.2476301930339793e-08,-1.6849669735298024e-08,12,3.012718037819096e-07,2.595446186898167e-07
-2.249253952437241e-08,9.506550173770847e-11,1.825815561964791e-09,-7.856039874759039e-09,-1.2324554519971657e-08,-1.0136906899403633e-08,1.3225865956650016e-08,13,3.012718037819096e-07,2.6360850998375535e-07
-2.30934483702724e-08,7.668250514080445e-11,1.8012958677117436e-09,-8.601765253729288e-09,-1.2459345487089021e-08,-1.026132686373061e-08,7.435993411306794e-09,13,3.012718037819096e-07,2.561698895912476e-07
-2.3993787488288217e-08,3.850873221917657e-11,1.7309627381151989e-09,-9.980584811214086e-09,-1.2640446031624262e-08,-1.0391020959017494e-08,-4.402492842927885e-09,13,3.012718037819096e-07,2.4163294311917204e-07
-2.442238742314019e-08,0.0,1.6387299448644014e-09,-1.1097372667737643e-08,-1.2691802809433539e-08,-1.0351794789232816e-08,-1.560866483037258e-08,13,3.012718037819096e-07,2.2873851120685722e-07
1.3870916891165933e-09,-9.672747047786033e-11,-3.539996221211433e-09,1.5079855030381285e-08,1.1599030798704877e-09,1.2945177184784537e-08,4.809966645014177e-09,14,3.012718037819096e-07,3.330170737193874e-07
1.3072210216363832e-09,-4.168388994373222e-11,-3.4197098975524205e-09,1.685463423000167e-08,1.5570562768794774e-09,1.3757198869601783e-08,-2.229513782173782e-09,14,3.012718037819096e-07,3.2905700661035897e-07
1.1733935445187786e-09,1.1655656213343118e-11,-3.266934628742664e-09,1.8147370653237367e-08,1.793954752268845e-09,1.4294386723559912e-08,-1.0054921252341836e-08,14,3.012718037819096e-07,3.2337070923062335e-07
-1.78730607979539e-08,6.894082374674231e-10,-2.6373694583792004e-09,2.264293251806864e-09,7.289282643158977e-09,-1.0310262576620778e-08,1.286312871574093e-08,15,3.012718037819096e-07,2.935572237971299e-07
-1.84947296825441e-08,6.698346457752753e-10,-2.645328884628685e-09,1.8455877882792051e-09,7.269149167703601e-09,-1.0627351244895556e-08,7.34533306442949e-09,15,3.012718037819096e-07,2.8663429863602883e-07
-1.952911639571477e-08,6.197562994513512e-10,-2.6395596616193575e-09,8.815798006574229e-10,7.1451716777510325e-09,-1.1151098478149068e-08,-4.183163586283154e-09,15,3.012718037819096e-07,2.7241537343800306e-07
-2.0203549110057716e-08,5.593700558761744e-10,-2.605795008982762e-09,-1.6904723202056258e-10,6.922051880714279e-09,-1.1485304158416065e-08,-1.541018194617448e-08,15,3.012718037819096e-07,2.588793482628485e-07
1.0902083914651562e-08,7.254175561591076e-11,-3.877017617652437e-09,2.798639232985057e-09,-1.280499335704389e-08,1.587221963856852e-08,1.2060450347552158e-08,16,3.012718037819096e-07,3.2629572769658646e-07
1.1017233880439209e-08,4.4760996932911177e-11,-3.878416448808734e-09,1.9247739294980007e-09,-1.309392449548316e-08,1.607012182494873e-08,7.052995977982794e-09,16,3.012718037819096e-07,3.2040934944741934e-07
1.109336153729824e-08,-1.1383558914457946e-11,-3.847200185662137e-09,1.6753413356766396e-10,-1.3568872534131015e-08,1.6285855430408775e-08,-3.76643797785781e-09,16,3.012718037819096e-07,3.0762466062661884e-07
1.0959490292590659e-08,-6.37039055735084e-11,-3.774014526358872e-09,-1.459989218092466e-09,-1.387158400445833e-08,1.6244246802294304e-08,-1.4762109327917376e-08,16,3.012718037819096e-07,2.94544139894394e-07
1.612876739358552e-08,1.2418733998776887e-10,-5.522519247981425e-09,4.661748877771949e-09,-8.33180601708992e-09,-4.594870311005329e-09,1.1731209165543249e-08,17,3.012718037819096e-07,3.154685209827214e-07
1.6304059000729412e-08,1.2071942105855577e-10,-5.576319781686064e-09,4.309553559719346e-09,-8.779637378412768e-09,-4.615389317839833e-09,6.942491429470666e-09,17,3.012718037819096e-07,3.099772807149489e-07
1.6403679999243447e-08,1.1109151928178205e-10,-5.6230331442815366e-09,3.4029384159392627e-09,-9.71009078245751e-09,-4.616712054391577e-09,-3.588387788785817e-09,17,3.012718037819096e-07,2.9765128994645766e-07
1.6163986495466877e-08,9.870199626471927e-11,-5.585816061961605e-09,2.3051345345439872e-09,-1.0615003345534859e-08,-4.565094519811447e-09,-1.4511635072228295e-08,17,3.012718037819096e-07,2.84562077808649e-07
7.1429535803186484e-09,-2.125209181424697e-10,-5.035539827543919e-10,1.580435280977267e-08,-8.099864455507756e-09,5.985484515566624e-09,9.448323637981075e-09,18,3.012718037819096e-07,3.30836978969144e-07
7.138483343816549e-09,-2.4341375405092075e-10,-5.177321575832486e-10,1.6599390671747632e-08,-8.576390796956312e-09,6.124241979128727e-09,5.723758860687574e-09,18,3.012718037819096e-07,3.2752014192869957e-07
7.011373035362628e-09,-3.0091342285079033e-10,-5.475760000649165e-10,1.794756599899808e-08,-9.615151199742465e-09,6.347405454450057e-09,-2.774277551109213e-09,18,3.012718037819096e-07,3.1934023009695297e-07
6.738737435966061e-09,-3.4803569473620287e-10,-5.769532636307521e-10,1.886824899918894e-08,-1.0684206240265046e-08,6.480036323981858e-09,-1.1957566346855708e-08,18,3.012718037819096e-07,3.0979206499555874e-07
-2.7934353176116087e-08,8.944305583140619e-11,-3.4038855474593294e-09,-4.755486790437859e-09,-2.2852849050577427e-08,1.6831940106112974e-08,1.0927897262617305e-08,19,3.012718037819096e-07,2.7017450964188055e-07
-2.7746676155745612e-08,9.195472707382659e-11,-3.3601902227867242e-09,-5.08039155602928e-09,-2.2513162585702468e-08,1.6978549674381015e-08,6.1530827878593135e-09,19,3.012718037819096e-07,2.6579497045095963e-07
-2.698637788112272e-08,9.577547135734086e-11,-3.2510392708435764e-09,-5.6121924861729426e-09,-2.1625752652201736e-08,1.7052951751721844e-08,-3.623991915665209e-09,19,3.012718037819096e-07,2.573211767989826e-07
-2.5780584639465698e-08,9.769099936449346e-11,-3.1224078801258955e-09,-5.9461013020661234e-09,-2.0538645572495893e-08,1.6831301262667088e-08,-1.2901338929224675e-08,19,3.012718037819096e-07,2.4991171772056286e-07
7.592854333756972e-09,5.1701957730027776e-11,-5.448588573661044e-09,4.874591063212049e-09,-1.2721996407647666e-09,1.4739106067095713e-08,9.909563316989862e-09,20,3.012718037819096e-07,3.317188323062684e-07
7.79881015704564e-09,5.345512146345885e-11,-5.407615448183001e-09,4.7528620264634826e-09,-1.0606408366588516e-09,1.5310167451536952e-08,5.919856675608467e-09,20,3.012718037819096e-07,3.286386989291857e-07
8.096275392626175e-09,5.589152133089995e-11,-5.274061835274681e-09,4.357268448094741e-09,-6.462857925196766e-10,1.629958995099285e-08,-2.989746169702313e-09,20,3.012718037819096e-07,3.2117073529745757e-07
8.218173675352205e-09,5.6719163889049716e-11,-5.083812182429217e-09,3.793557025960275e-09,-2.787148919294976e-10,1.7004191136923927e-08,-1.2394886240055157e-08,20,3.012718037819096e-07,3.1258703146962116e-07
-3.698979413370389e-09,8.753361547141254e-11,-2.680569548721365e-09,-2.3283650898597355e-08,-6.5809637221415566e-09,2.3454908234545502e-08,1.3410592475342789e-08,21,3.012718037819096e-07,3.019806745244386e-07
-3.861043611943099e-09,7.774044743078052e-11,-2.7136410828345817e-09,-2.498215802252608e-08,-6.8834520713188826e-09,2.3843238150933036e-08,7.496764259596788e-09,21,3.012718037819096e-07,2.9424925185124753e-07
-4.191470512169427e-09,5.74281503270126e-11,-2.756924700227683e-09,-2.784330766373304e-08,-7.353244294456813e-09,2.4336477588584812e-08,-4.493940799486449e-09,21,3.012718037819096e-07,2.79026821550748e-07
-4.502992810936261e-09,3.781386741238217e-11,-2.7667910299923212e-09,-2.9768408270763435e-08,-7.607835461764053e-09,2.44129649520945e-08,-1.5720782838612562e-08,21,3.012718037819096e-07,2.653557721893478e-07
-1.9433011392127308e-08,8.080862783473173e-11,1.6711200669786215e-09,-1.5913937294582484e-08,-3.970037163763655e-09,2.561377995078028e-08,1.2941858670372658e-08,22,3.012718037819096e-07,3.022623852474024e-07
-1.9520037477183605e-08,6.957797771472321e-11,1.6620273796988906e-09,-1.727170344914228e-08,-4.4275346730166965e-09,2.595967974644806e-08,7.254103349207695e-09,22,3.012718037819096e-07,2.949979166356364e-07
-1.9520423952386966e-08,4.6461037725599296e-11,1.632581624186105e-09,-1.9620745188405676e-08,-5.26893315718057e-09,2.63092789499533e-08,-4.322084650272523e-09,22,3.012718037819096e-07,2.8052793844552887e-07
-1.9290490269233423e-08,2.4363163752392784e-11,1.5909266580856915e-09,-2.1297536098907902e-08,-5.94523829167322e-09,2.6176939579185198e-08,-1.5215742700238464e-08,22,3.012718037819096e-07,2.6731502582287985e-07
2.2451191459442918e-08,-1.3904054709652353e-10,5.560020720892517e-09,1.4816273570192222e-08,-1.5456209450115047e-09,-2.2832643333606635e-09,9.37699918666959e-09,23,3.012718037819096e-07,3.4950836289363813e-07
2.3086257299573976e-08,-1.1413180318766e-10,5.573669278238715e-09,1.5324570572595925e-08,-1.2203062164942702e-09,-2.363256740809873e-09,5.802379277838425e-09,23,3.012718037819096e-07,3.4736098544966484e-07
2.4060415997296855e-08,-6.222225584120498e-11,5.5215315375139396e-09,1.5971900679652676e-08,-7.1842741797491e-10,-2.534714420163319e-09,-2.6434490965075617e-09,23,3.012718037819096e-07,3.4086683880588607e-07
2.4564295671093615e-08,-1.1824634682586809e-11,5.369165526800685e-09,1.6081263147435496e-08,-4.566846307336659e-10,-2.7066246059481728e-09,-1.2102450320765738e-08,23,3.012718037819096e-07,3.3200894393510923e-07
-1.9873717073065134e-08,3.8186044461968736e-10,4.952993825096226e-10,1.7009286433822418e-08,5.1691014310376354e-09,-7.854311822909904e-09,1.0021881898242656e-08,24,3.012718037819096e-07,3.0662120447616656e-07
-2.024081936597338e-08,3.663780767960547e-10,4.668001441428973e-10,1.797523860293401e-08,5.3318275966442414e-09,-8.137396229347335e-09,5.864517325274777e-09,24,3.012718037819096e-07,3.0289834993238087e-07
-2.0787710056958437e-08,3.289702363810831e-10,3.9902465251410677e-10,1.9612502775716964e-08,5.596682879152091e-09,-8.622391094911923e-09,-3.134453757460984e-09,24,3.012718037819096e-07,2.9466442941634247e-07
-2.1043209447375588e-08,2.861531798069996e-10,3.226989558350838e-10,2.0728587925244397e-08,5.761252868271492e-09,-8.959980294921309e-09,-1.2291157824791387e-08,24,3.012718037819096e-07,2.860761491439793e-07
-6.801631865138833e-09,2.494287266903589e-09,2.5478257749240734e-10,-4.0972996142758514e-08,2.0221645910884498e-08,-8.846492853442743e-09,1.4888534807649183e-08,25,3.012718037819096e-07,2.825099334834992e-07
-6.5690851163327935e-09,2.521813730793083e-09,2.3340161374376287e-10,-4.287104211190678e-08,1.9597203828593204e-08,-9.148729775906032e-09,8.213350039125636e-09,25,3.012718037819096e-07,2.7324871599001966e-07
-6.05765761589176e-09,2.532049507556462e-09,1.8641581505311896e-10,-4.6102707886802655e-08,1.8133417297617187e-08,-9.653434901359941e-09,-5.078893084544234e-09,25,3.012718037819096e-07,2.552309929135378e-07
-5.5271011701730455e-09,2.482375526717889e-09,1.3774497391067827e-10,-4.832873254306069e-08,1.6509045246544428e-08,-9.98431089093767e-09,-1.7201705145433968e-08,25,3.012718037819096e-07,2.3935911977947723e-07
-2.6001020686544303e-08,3.874458965165071e-11,-5.431553701475341e-09,4.849111998193822e-09,-2.0699877193812312e-08,1.1761895008502506e-08,1.1171110792269116e-08,26,3.012718037819096e-07,2.769602145886947e-07
-2.623276278896086e-08,3.1792682467893406e-11,-5.436410871470769e-09,4.4758768767400496e-09,-2.1541601853571288e-08,1.2053923162333252e-08,6.397208456157395e-09,26,3.012718037819096e-07,2.7101982944560526e-07
-2.6319814484855248e-08,1.6952795638268618e-11,-5.39884033689244e-09,3.58003393055719e-09,-2.30270807732868e-08,1.2484867184844474e-08,-3.614402114519083e-09,26,3.012718037819096e-07,2.5899351998339596e-07
-2.590268843211215e-08,0.0,-5.301903188026599e-09,2.562173798207687e-09,-2.4131914549439558e-08,1.267805065935518e-08,-1.3415882179547847e-08,26,3.012718037819096e-07,2.477596398903463e-07
-1.4291586889385145e-09,-2.61646802903459e-09,3.952166337557886e-09,-5.177659819736353e-08,1.6343933905187687e-08,-7.627004398756353e-09,1.548145875728745e-08,27,3.012718037819096e-07,2.736001334678496e-07
-1.614583293548824e-09,-2.6364772571226363e-09,4.145820211186672e-09,-5.3904145150521766e-08,1.5621739818802605e-08,-7.943307768550898e-09,8.534266339431092e-09,27,3.012718037819096e-07,2.634751166815858e-07
-1.970952808894576e-09,-2.6283730871715924e-09,4.490554994677339e-09,-5.743146865387973e-08,1.4025660747567195e-08,-8.497130322860576e-09,-5.285954514302585e-09,27,3.012718037819096e-07,2.439741401370451e-07
-2.2789581352866018e-09,-2.557506686986363e-09,4.751030007363482e-09,-5.971420669340549e-08,1.2363409571200881e-08,-8.90069927158544e-09,-1.7872158696950475e-08,27,3.012718037819096e-07,2.2706271387625957e-07
-2.648698764325649e-08,-1.4945934163170247e-09,-5.3921435040630556e-09,-2.6952357238680865e-08,2.041454904448989e-08,-1.2821136692288567e-08,1.3031189222113555e-08,28,3.012718037819096e-07,2.61570323553907e-07
-2.5960947129085084e-08,-1.4946565722730658e-09,-5.436610106849797e-09,-2.831628830724739e-08,2.0318140851919674e-08,-1.3070304733813583e-08,7.160941560205252e-09,28,3.012718037819096e-07,2.544720793447656e-07
-2.456957934596003e-08,-1.4662910146317414e-09,-5.482443509670086e-09,-3.059017375904916e-08,1.9940931803411754e-08,-1.3399456947946067e-08,-4.476509482643844e-09,28,3.012718037819096e-07,2.412282815254204e-07
-2.2845280637281047e-08,-1.4027213878806895e-09,-5.467955095154227e-09,-3.208100959452575e-08,1.9353680329508416e-08,-1.3477755282933196e-08,-1.5020779617495256e-08,28,3.012718037819096e-07,2.3032998249614781e-07
-3.181324770212248e-08,-3.4526470626243144e-10,-6.72597106098829e-09,1.3938253769914132e-09,-2.2120991205557016e-08,-7.240929669805065e-09,1.2004508549842957e-08,29,3.012718037819096e-07,2.464237333640087e-07
-3.214528228233696e-08,-3.731784108324921e-10,-6.69660537603912e-09,7.989121327541111e-10,-2.2420884810188346e-08,-7.33294971722204e-09,6.711870656613148e-09,29,3.012718037819096e-07,2.398136859746579e-07
-3.232328820281325e-08,-4.207903357154773e-10,-6.569183454426904e-09,-4.790370033158584e-10,-2.274856721688799e-08,-7.429537605156732e-09,-4.029556119905517e-09,29,3.012718037819096e-07,2.2727184384368787e-07
-3.184548241739252e-08,-4.536343676721903e-10,-6.361919416278137e-09,-1.7672974807549732e-09,-2.2693746671004955e-08,-7.4024165114611775e-09,-1.4094361953345594e-08,29,3.012718037819096e-07,2.1665294496400005e-07
4.2329140870012766e-09,1.8091857806188207e-09,5.555423959838733e-09,-5.5377557319318566e-08,2.115851788474174e-09,-5.635962857589652e-09,1.4898912853464253e-08,30,3.012718037819096e-07,2.688705720743986e-07
4.03873203255376e-09,1.8482974605846303e-09,5.7154208778955755e-09,-5.747528459750866e-08,1.6112339929128748e-09,-5.825832398112474e-09,8.175707124250931e-09,30,3.012718037819096e-07,2.5936007827448625e-07
3.6179735825211773e-09,1.8933937488938016e-09,5.96203072701331e-09,-6.076189508740124e-08,6.36627105670809e-10,-6.179131855288337e-09,-5.122987509908174e-09,30,3.012718037819096e-07,2.4131781449341094e-07
3.188717153562282e-09,1.891147645595262e-09,6.09192031327686e-09,-6.258615406031197e-08,-2.1222083695031134e-10,-6.467391599684823e-09,-1.7136305690220752e-08,30,3.012718037819096e-07,2.2604151670717613e-07
1.7312759382978943e-08,1.5946424633134572e-10,-2.183454209725457e-09,1.3062627752280159e-08,1.166037475100821e-08,-3.1714338389293287e-09,8.303141214379572e-09,31,3.012718037819096e-07,3.46415283080233e-07
1.7509221013270924e-08,1.5401731401834923e-10,-2.1386188976810987e-09,1.424904847057354e-08,1.1760855699721459e-08,-3.349849984473409e-09,4.995744629134507e-09,31,3.012718037819096e-07,3.4445222202647386e-07
1.7748618535026293e-08,1.412306134408278e-10,-2.0283281989802336e-09,1.6562204880990156e-08,1.206246259012124e-08,-3.680864470772435e-09,-2.4722533722167646e-09,31,3.012718037819096e-07,3.396048743595187e-07
1.776622250559605e-08,1.2701139475584996e-10,-1.900055691618322e-09,1.8606966879035485e-08,1.2474314982528793e-08,-3.950151291615225e-09,-1.0445970801416665e-08,31,3.012718037819096e-07,3.3395014175917554e-07
2.2490987915056722e-08,3.7057473723026204e-10,4.029116635681731e-09,1.7748293614233765e-08,3.4442428074293385e-09,-3.841273968742278e-09,8.45190972765165e-09,32,3.012718037819096e-07,3.5396565525045076e-07
2.2881379488211642e-08,3.471047126912651e-10,3.982484893302615e-09,1.8794076506189662e-08,3.589246427094058e-09,-3.98726249129784e-09,5.1738942145534065e-09,32,3.012718037819096e-07,3.520527275326544e-07
2.342498213955998e-08,2.9431362266783794e-10,3.827736281136832e-09,2.0685624413005867e-08,3.872190654835311e-09,-4.252657593637549e-09,-2.435203133103784e-09,32,3.012718037819096e-07,3.466887901663741e-07
2.361129018675109e-08,2.381645043373426e-10,3.6048463703646003e-09,2.2159289262829707e-08,4.123995736355474e-09,-4.46070913936625e-09,-1.0802643777300233e-08,32,3.012718037819096e-07,3.397460369258813e-07
2.248349132595357e-08,5.194880646174661e-10,9.153486090661676e-09,2.0323542444855262e-08,3.495074593147048e-09,-2.775969431293101e-09,5.474529113835045e-09,33,3.012718037819096e-07,3.5994544598368656e-07
2.3143216876007126e-08,4.6490441087170564e-10,8.855964276197312e-09,2.185890602358195e-08,3.793417217265679e-09,-3.1041752289188824e-09,-2.5172793254457643e-09,33,3.012718037819096e-07,3.537667580314687e-07
2.3440258531207987e-08,4.0304181282896843e-10,8.409665893981454e-09,2.2889491806847784e-08,4.057318174245954e-09,-3.4045429588869353e-09,-1.142012351348134e-08,33,3.012718037819096e-07,3.456469135286535e-07
2.001321544132635e-08,-5.022851856151164e-10,9.032898960579192e-09,1.7956460922361817e-08,3.869744481484283e-09,-3.6798297281191666e-09,8.597571692577082e-09,34,3.012718037819096e-07,3.5655958036650403e-07
2.0324649611481494e-08,-4.630439631149972e-10,8.944962877749348e-09,1.8964394564290312e-08,4.001686054102628e-09,-3.832985282502513e-09,5.2645330231029555e-09,34,3.012718037819096e-07,3.544760006670188e-07
2.0729655158214932e-08,-3.7571659193199693e-10,8.640077355789812e-09,2.0773457067650024e-08,4.2495230717672e-09,-4.116301297136783e-09,-2.47524497633537e-09,34,3.012718037819096e-07,3.486972535699274e-07
2.081429858305702e-08,-2.839316445783796e-10,8.19053776660693e-09,2.2162461002816042e-08,4.457290713182932e-09,-4.345533068996114e-09,-1.0989629736049628e-08,34,3.012718037819096e-07,3.412772973979484e-07
1.8386362275437604e-08,-4.972686779147725e-10,7.006165807100103e-09,1.730791979625778e-08,3.388211240000227e-09,-4.171941055634606e-09,8.592060060640094e-09,35,3.012718037819096e-07,3.51283313227796e-07
1.8669611508891965e-08,-4.5834815215886696e-10,6.9325354169721744e-09,1.8342398810497135e-08,3.5275396886944655e-09,-4.33158655071538e-09,5.241665864210899e-09,35,3.012718037819096e-07,3.4919562036830197e-07
1.903759465724945e-08,-3.7170918215542357e-10,6.683814700093855e-09,2.021469068676355e-08,3.798516026202698e-09,-4.619508104456223e-09,-2.4918477833666886e-09,35,3.012718037819096e-07,3.435233547822408e-07
1.9113782620023113e-08,-2.8061651247875897e-10,6.32208369662362e-09,2.1675104486395906e-08,4.038555916522966e-09,-4.841920737045945e-09,-1.0946505069146524e-08,35,3.012718037819096e-07,3.3635228818280396e-07
2.1313880274797773e-08,-7.393153244098857e-10,1.6447250997899024e-09,1.732473409096655e-08,1.6223826144045531e-09,-3.888675796240197e-09,8.397677052167368e-09,36,3.012718037819096e-07,3.4694721179338565e-07
2.175820849620434e-08,-6.990220878573737e-10,1.6203933392872915e-09,1.8329950525027384e-08,1.7977977674752226e-09,-4.049991431692294e-09,5.1440614204256306e-09,36,3.012718037819096e-07,3.451732018107798e-07
2.242824518598498e-08,-6.053251684887998e-10,1.5426140072653556e-09,2.010579552316568e-08,2.171024722405194e-09,-4.348384718723793e-09,-2.4178050229335846e-09,36,3.012718037819096e-07,3.401479683105846e-07
2.2755155494480964e-08,-5.020663334616025e-10,1.4329630492171223e-09,2.1428362005228732e-08,2.5446894176588656e-09,-4.5897487695827435e-09,-1.0743377554258653e-08,36,3.012718037819096e-07,3.335977810911923e-07
1.5383867512039345e-10,1.2220831067704558e-10,1.545285290945407e-09,8.93860281997434e-09,-9.84912128156705e-09,6.682231732338322e-09,1.0928393635464007e-08,37,3.012718037819096e-07,3.1979324296486205e-07
0.0,1.193561355382544e-10,1.547714090456667e-09,9.119680625569897e-09,-1.0465357899628892e-08,6.99374791427747e-09,6.531341686277394e-09,37,3.012718037819096e-07,3.1511828633440036e-07
-3.5446755047444734e-10,1.1160620748286622e-10,1.531662198034275e-09,9.209882150642533e-09,-1.1745447181522058e-08,7.567515472696857e-09,-3.288837604141509e-09,37,3.012718037819096e-07,3.043037174746281e-07
-7.360306487175125e-10,1.0084535550150486e-10,1.4884984982006312e-09,8.934622033527537e-09,-1.2987708456072964e-08,8.027074018870516e-09,-1.3657065957086478e-08,37,3.012718037819096e-07,2.924420386261328e-07
-2.130234912700849e-08,4.1092116969253206e-10,1.0474639886135607e-09,6.554516813142988e-09,7.785439548158115e-09,-8.490793981553666e-09,1.2451469132227202e-08,38,3.012718037819096e-07,2.9972847132518183e-07
-2.195617879480153e-08,3.9507794055142436e-10,1.0112492331712817e-09,6.364250369276562e-09,7.784672029201948e-09,-8.815962790787662e-09,7.1600116127091905e-09,38,3.012718037819096e-07,2.932149233812308e-07
-2.3013437225841274e-08,3.5654462806800443e-10,9.244946142765868e-10,5.762105802044322e-09,7.679877256009917e-09,-9.386465110433328e-09,-4.004820343577797e-09,38,3.012718037819096e-07,2.7959010340245604e-07
-2.3654737009413287e-08,3.1215553413119855e-10,8.260994791261808e-10,4.918901943055286e-09,7.4486799949065195e-09,-9.804048982974367e-09,-1.501477522424022e-08,38,3.012718037819096e-07,2.663040795165009e-07
3.242751313324893e-10,7.711443298653626e-10,6.971332807068468e-09,1.611393838181212e-08,2.9871617877574354e-09,-5.128000341805292e-09,1.0273754818414805e-08,39,3.012718037819096e-07,3.33585410696355e-07
2.6215332581269776e-10,7.45918017735877e-10,6.9065123028396385e-09,1.685818923476369e-08,3.16053105190544e-09,-5.402737565343529e-09,6.165560425818987e-09,39,3.012718037819096e-07,3.299679305754424e-07
1.169467410310795e-10,6.823828209164664e-10,6.68329293930761e-09,1.801158845799633e-08,3.493994703537344e-09,-5.919792831457779e-09,-3.071717938217315e-09,39,3.012718037819096e-07,3.2126849867502334e-07
-4.3641432187221226e-11,6.068329761235246e-10,6.3554334079715095e-09,1.8631281619528355e-08,3.784336386406176e-09,-6.350881336602042e-09,-1.2889286966954026e-08,39,3.012718037819096e-07,3.1136587843619586e-07
-5.586175498866782e-10,4.1626063342626945e-10,-1.253312284977465e-09,1.481791988573132e-08,1.6361553046508324e-08,-4.905270852370391e-09,9.182920067040776e-09,40,3.012718037819096e-07,3.3533325672738174e-07
-6.67188561887452e-10,3.9567720016337893e-10,-1.2347750002948115e-09,1.588049946733648e-08,1.662459277317237e-08,-5.144968281812811e-09,5.448769169964247e-09,40,3.012718037819096e-07,3.32574410548551e-07
-8.853178430804313e-10,3.4781105643180937e-10,-1.188345587271865e-09,1.7853902891444384e-08,1.7171180054766414e-08,-5.57739305085389e-09,-2.8031702564299657e-09,40,3.012718037819096e-07,3.2619047104691604e-07
-1.0865381191123988e-09,2.950646680849606e-10,-1.1334580359140455e-09,1.946621199899683e-08,1.7702349695389086e-08,-5.911801657948636e-09,-1.1404024614562998e-08,40,3.012718037819096e-07,3.191996077168424e-07
2.346318752798464e-08,-1.8362661621246475e-10,-1.4124518572204352e-09,-5.319912991270311e-09,1.9987291839916225e-08,-6.710280087299316e-09,7.97897929538321e-09,41,3.012718037819096e-07,3.3907499089319113e-07
2.3333240696465732e-08,-2.1587750182372926e-10,-1.5389846044600636e-09,-7.901099762918953e-09,1.9305657898297556e-08,-7.226078792477986e-09,-4.326073283948212e-09,41,3.012718037819096e-07,3.227025884310439e-07
2.2793000971778667e-08,-2.4001965400924884e-10,-1.6494753491898133e-09,-1.0265265479553223e-08,1.8441241776948727e-08,-7.631469898532502e-09,-1.666639773297031e-08,41,3.012718037819096e-07,3.060534184163819e-07
1.7675383741262475e-08,3.8594577334074196e-10,-9.905487461907467e-09,1.3290847678838046e-08,1.3745318884718464e-08,-3.920816670071887e-09,4.652282723166398e-09,42,3.012718037819096e-07,3.371952784512564e-07
1.7994356480500847e-08,3.052414298489547e-10,-9.323089682004253e-09,1.5787656675631415e-08,1.4112616325596441e-08,-4.217460648589894e-09,-2.3225701609494897e-09,42,3.012718037819096e-07,3.336085542019436e-07
1.809314708629854e-08,2.2158428804202963e-10,-8.643378423074704e-09,1.8025208991820836e-08,1.452578854583936e-08,-4.442093120604052e-09,-9.736285327715087e-09,42,3.012718037819096e-07,3.293157758225165e-07
2.293471435369924e-08,-2.710991618463088e-10,6.656149365615629e-09,1.8067619837380505e-08,3.6307757193282037e-09,-3.5366917696489974e-09,8.419094113926147e-09,43,3.012718037819096e-07,3.57172366240364e-07
2.332700901504819e-08,-2.4603580384749105e-10,6.5873127131075264e-09,1.908979457836863e-08,3.769779796595902e-09,-3.679863440228192e-09,5.1678231067965595e-09,43,3.012718037819096e-07,3.552876237477507e-07
2.3866005236043517e-08,-1.909937615460342e-10,6.352256678098441e-09,2.0928759675103716e-08,4.03686070374967e-09,-3.9449940346051056e-09,-2.412827624789506e-09,43,3.012718037819096e-07,3.499068706539643e-07
2.4036996477357677e-08,-1.3400708393972912e-10,6.008424404475945e-09,2.2347060018114604e-08,4.269016852169089e-09,-4.159889577259351e-09,-1.0787109981653137e-08,43,3.012718037819096e-07,3.428522948911747e-07
1.8483646108382963e-08,-4.341041468067208e-10,-3.9280890212699725e-09,1.2273924240997402e-08,1.1563058973126015e-08,-3.2251807110583853e-09,7.982358511085363e-09,44,3.012718037819096e-07,3.4398741773636624e-07
1.8719131084181677e-08,-3.94641425334761e-10,-3.841847967890107e-09,1.3491185819073238e-08,1.166888661471119e-08,-3.3934404148587756e-09,4.805735793274011e-09,44,3.012718037819096e-07,3.4232681328506603e-07
1.9027089215319796e-08,-3.0805881393113584e-10,-3.6290786967424e-09,1.588440453491572e-08,1.197857927220681e-08,-3.702599710931059e-09,-2.3748756722138347e-09,44,3.012718037819096e-07,3.381472639105335e-07
1.9095048981479663e-08,-2.1852605625979835e-10,-3.3809620068097153e-09,1.802671459851932e-08,1.2394315485259762e-08,-3.9498180100647405e-09,-1.0051078839623522e-08,44,3.012718037819096e-07,3.3318749793441054e-07
1.9487431729976736e-08,3.905953720174602e-10,3.1137763095960938e-09,1.3955729185870985e-08,9.382629503550477e-09,-2.2671524797835776e-09,8.61108086909234e-09,45,3.012718037819096e-07,3.539458942722301e-07
1.969785278162743e-08,3.551267642768496e-10,3.0386640917401135e-09,1.5046157344954854e-08,9.410868675774133e-09,-2.4413850480315253e-09,5.198283372252468e-09,45,3.012718037819096e-07,3.515773717645039e-07
1.993968108590878e-08,2.775667339973885e-10,2.8514832724168506e-09,1.7157702411343384e-08,9.605902176360495e-09,-2.778207904989945e-09,-2.5461481110899014e-09,45,3.012718037819096e-07,3.457797834458566e-07
1.992591577556009e-08,1.976719832650225e-10,2.6312653844242337e-09,1.9004731786551884e-08,9.970000963404068e-09,-3.071509523436517e-09,-1.0859792424777678e-08,45,3.012718037819096e-07,3.390700877269007e-07
9.073675540259097e-09,-2.3199199126952834e-09,-7.791335849687138e-09,-6.010219409974118e-08,1.4507272314719958e-08,-5.489822528883069e-09,1.6590931218237583e-08,46,3.012718037819096e-07,2.6574041046411953e-07
8.705189017917564e-09,-2.3545151345134207e-09,-7.972138173247198e-09,-6.318742068859449e-08,1.3468142434298107e-08,-5.84946851287163e-09,9.134877126019523e-09,46,3.012718037819096e-07,2.5321646985091807e-07
7.89629691148729e-09,-2.3816291286907557e-09,-8.253126529050583e-09,-6.852404684611705e-08,1.1243112330567991e-08,-6.532442957705021e-09,-5.673410912412004e-09,46,3.012718037819096e-07,2.2904655664998945e-07
7.058886423916052e-09,-2.3510584147995564e-09,-8.405043214376057e-09,-7.232739618199181e-08,9.010275108456725e-09,-7.110493012111334e-09,-1.9128027731241826e-08,46,3.012718037819096e-07,2.080189467597618e-07
1.9787858056366475e-08,-4.181490306029166e-10,5.287973109901182e-09,1.3723091977406008e-08,7.916313747686172e-09,-1.9924865920019044e-09,8.558979582742813e-09,47,3.012718037819096e-07,3.5413538463340743e-07
1.9998780999466868e-08,-3.7977232364109863e-10,5.165622255556813e-09,1.4768259021135302e-08,7.917991324966679e-09,-2.1631242945276626e-09,5.1737649572072545e-09,47,3.012718037819096e-07,3.517533257220737e-07
2.0236023823601883e-08,-2.95794599836758e-10,4.860993576991667e-09,1.6793657027428304e-08,8.084198173131328e-09,-2.4971223942546807e-09,-2.524244457993568e-09,47,3.012718037819096e-07,3.459295149309778e-07
2.0210689218102876e-08,-2.092301890055547e-10,4.502869029295907e-09,1.8567383896901287e-08,8.453900546705758e-09,-2.793590628861168e-09,-1.0806688863031707e-08,47,3.012718037819096e-07,3.39197136792017e-07
1.7442264476780807e-08,4.226567279788788e-10,-1.0141322083558475e-08,1.2021870832806036e-08,1.3589723927704551e-08,-3.754598841189199e-09,7.754133380499231e-09,48,3.012718037819096e-07,3.386065322029314e-07
1.7675383741262475e-08,3.8594577334074196e-10,-9.905487461907467e-09,1.3290847678838046e-08,1.3745318884718464e-08,-3.920816670071887e-09,4.652282723166398e-09,48,3.012718037819096e-07,3.371952784512564e-07
1.7994356480500847e-08,3.052414298489547e-10,-9.323089682004253e-09,1.5787656675631415e-08,1.4112616325596441e-08,-4.217460648589894e-09,-2.3225701609494897e-09,48,3.012718037819096e-07,3.336085542019436e-07
1.809314708629854e-08,2.2158428804202963e-10,-8.643378423074704e-09,1.8025208991820836e-08,1.452578854583936e-08,-4.442093120604052e-09,-9.736285327715087e-09,48,3.012718037819096e-07,3.293157758225165e-07
-1.6758104410250413e-08,2.1418340787344634e-10,4.429798828399971e-09,-8.021488393088874e-09,-1.1387835791473584e-08,-9.688146614128282e-09,1.3099570740430501e-08,49,3.012718037819096e-07,2.7315978154967234e-07
-1.726523052216685e-08,1.834975922515573e-10,4.451631481885848e-09,-8.735943856738027e-09,-1.149295301926795e-08,-9.799527021478348e-09,7.415814802679784e-09,49,3.012718037819096e-07,2.6602909323907563e-07
-1.806625889653297e-08,1.195657701121772e-10,4.4491887542584065e-09,-1.00497915671178e-08,-1.1632542649309085e-08,-9.910736742932395e-09,-4.313866478198048e-09,49,3.012718037819096e-07,2.5186736197218985e-07
-1.8520380432388146e-08,5.750656822163981e-11,4.386431869783893e-09,-1.1104080185490607e-08,-1.1669673205712608e-08,-9.864813491577413e-09,-1.5556776722191868e-08,49,3.012718037819096e-07,2.3900001818255447e-07
-2.9678684863370455e-08,5.548487915005066e-10,-6.789461401181901e-09,-2.278960652470876e-08,2.9101845773233495e-09,-1.5495623784917885e-08,1.373985239457971e-08,50,3.012718037819096e-07,2.4372331297113414e-07
-2.9734395714787546e-08,5.711613447440936e-10,-6.7784373306138775e-09,-2.4154362672197375e-08,2.39546405946407e-09,-1.5686044548768708e-08,7.486427940717804e-09,50,3.012718037819096e-07,2.3537161686046804e-07
-2.9465851298740407e-08,5.931684414971242e-10,-6.690337186021887e-09,-2.641937202407637e-08,1.3815309241023037e-09,-1.5860851022702e-08,-4.783238251138324e-09,50,3.012718037819096e-07,2.2002685336483002e-07
-2.87178387044786e-08,5.99408363815034e-10,-6.52268627403434e-09,-2.7888471454191222e-08,4.717632336323391e-10,-1.574867751973699e-08,-1.573220873176622e-08,50,3.012718037819096e-07,2.0773309269514958e-07
1.758387382126287e-09,-9.447219319937356e-10,-7.3178898937482775e-09,-6.84073928027948e-08,-1.1216178838040685e-08,5.85231332036499e-09,1.2427299029230631e-08,51,3.012718037819096e-07,2.33423620047054e-07
1.6874180303581114e-09,-9.725399142299668e-10,-7.358361183603582e-09,-7.060365055459876e-08,-1.1241823917653805e-08,6.217081583114002e-09,6.641337533473484e-09,51,3.012718037819096e-07,2.2564126535876907e-07
1.6410208646069263e-09,-1.0101663047990034e-09,-7.352926256569891e-09,-7.372826141954307e-08,-1.1039252782214935e-08,6.988208882059765e-09,-4.437783634188696e-09,51,3.012718037819096e-07,2.1233264313126067e-07
1.7235582805250527e-09,-1.0210077113206477e-09,-7.234524064716871e-09,-7.49312831408309e-08,-1.0520685256698391e-08,7.748266207717886e-09,-1.3964921025984553e-08,51,3.012718037819096e-07,2.0307120707060116e-07
-3.540489094338386e-08,-2.959545561812991e-10,4.153705886286633e-09,7.382381227160983e-10,-2.1829440105389802e-08,-6.8106390786168324e-09,1.2151772512883544e-08,52,3.012718037819096e-07,2.539745956202241e-07
-3.5796728383363855e-08,-3.2473528185423533e-10,4.193354688038828e-09,1.5731314692410668e-10,-2.1973945812313534e-08,-6.916948941401508e-09,6.832193162970538e-09,52,3.012718037819096e-07,2.4744230636090994e-07
-3.6034691767501565e-08,-3.750819684980937e-10,4.229889548183826e-09,-1.0848367985645225e-09,-2.2001612416399398e-08,-7.049876448689321e-09,-4.043358046235857e-09,52,3.012718037819096e-07,2.3491223588420466e-07
-3.553334271170634e-08,-4.1175509361348735e-10,4.2072258252081125e-09,-2.329905415093301e-09,-2.1685800818279582e-08,-7.0663244053788886e-09,-1.4336647510674279e-08,52,3.012718037819096e-07,2.2411525365237182e-07
-2.7307309966579386e-08,3.9826018141931553e-10,-5.800329110619415e-09,-4.24629532852395e-10,-1.9579875158362045e-08,1.3774667302768664e-08,1.1403494295902913e-08,53,3.012718037819096e-07,2.737360817935872e-07
-2.7672190784991495e-08,4.43912237798161e-10,-5.782094435758372e-09,-8.681326690485205e-10,-2.0158614129212244e-08,1.4138961719391902e-08,6.491275915604395e-09,53,3.012718037819096e-07,2.678649216356934e-07
-2.7997691578555513e-08,5.281880365334474e-10,-5.692765973583806e-09,-1.8237728642075794e-09,-2.1151274816068066e-08,1.4696560072059445e-08,-3.726124496565104e-09,53,3.012718037819096e-07,2.5610492216152244e-07
-2.7763075505600202e-08,5.962699199725666e-10,-5.541365507678433e-09,-2.79086876403285e-09,-2.1847547551191043e-08,1.4981662214150453e-08,-1.3623796924044043e-08,53,3.012718037819096e-07,2.4528308166348603e-07
-2.395377643813716e-08,-3.3007754599460754e-10,-5.191057061068208e-09,-1.2573912019703482e-10,-7.575631070612013e-10,2.5029598083596597e-08,1.2044471920951226e-08,54,3.012718037819096e-07,3.079876605139992e-07
-2.456380284342112e-08,-3.03145806555311e-10,-5.1139852285688924e-09,-1.1090722935234782e-09,-1.0457215850918335e-09,2.554378105549673e-08,6.876604810661623e-09,54,3.012718037819096e-07,3.015564618909073e-07
-2.548329158090954e-08,-2.439425746343133e-10,-4.918379464717675e-09,-3.0365824566874023e-09,-1.6279266968247656e-09,2.624118906191893e-08,-3.917255427111824e-09,54,3.012718037819096e-07,2.8828561464294297e-07
-2.593035131596959e-08,-1.8252913637778345e-10,-4.684486194642673e-09,-4.755273361711723e-09,-2.170894004100961e-09,2.6443123937723068e-08,-1.4430067248591925e-08,54,3.012718037819096e-07,2.75561326458238e-07
1.2471979931129588e-08,-3.5745303837490167e-10,-1.9530680115726227e-09,1.4922991656424562e-08,1.5194243057016545e-09,-5.991636239331168e-09,8.503283339832644e-09,55,3.012718037819096e-07,3.303873257257193e-07
1.266161036225e-08,-3.2931287447352023e-10,-1.9438224845720563e-09,1.6044691791740936e-08,1.689221906124068e-09,-6.1740184214761635e-09,5.114555285724598e-09,55,3.012718037819096e-07,3.283347293472275e-07
1.2912871517525203e-08,-2.6652934710146536e-10,-1.904604650717582e-09,1.8124824529908595e-08,2.0530759591374734e-09,-6.476590730950255e-09,-2.5343427020612938e-09,55,3.012718037819096e-07,3.2318050835765024e-07
1.2974937325223144e-08,-2.0034317660223937e-10,-1.8413118651123533e-09,1.9820114858819783e-08,2.420476568386139e-09,-6.671793894565555e-09,-1.0698910328651243e-08,55,3.012718037819096e-07,3.1707497326940725e-07
1.877268342316991e-08,-5.491529308923935e-10,-4.3109911997960204e-10,1.5139712639175225e-09,1.4596181707193684e-08,-3.5984450641792792e-09,1.0768676648161757e-08,56,3.012718037819096e-07,3.423446197093012e-07
1.9141902454977496e-08,-5.369936377888e-10,-4.408405953406973e-10,1.6099258161092712e-09,1.4633488775208497e-08,-3.885200424651627e-09,6.423793756873739e-09,56,3.012718037819096e-07,3.382178799272975e-07
1.965721901821626e-08,-5.029839362679011e-10,-4.621034991309294e-10,1.6318011624723652e-09,1.468728667437308e-08,-4.451101809980049e-09,-3.251620614143804e-09,56,3.012718037819096e-07,3.285803007774486e-07
1.9836744725083098e-08,-4.5897794913389425e-10,-4.839477994267872e-10,1.429997425613314e-09,1.4712903519576026e-08,-4.959531215727015e-09,-1.3423997858533352e-08,56,3.012718037819096e-07,3.17924994629361e-07
2.171863969193581e-08,-8.673810110718006e-10,9.161469338140629e-09,1.826121886563831e-08,2.5529585278874697e-09,-2.638933143450618e-09,8.754350762067313e-09,57,3.012718037819096e-07,3.5821412681305667e-07
2.2182797998498207e-08,-8.282698384838421e-10,9.07892208261567e-09,1.9157026390972888e-08,2.7129913297432904e-09,-2.8064444998890443e-09,5.400544531727665e-09,57,3.012718037819096e-07,3.5616937177709443e-07
2.2881037387508478e-08,-7.346915524575365e-10,8.783399918167803e-09,2.0667219646748582e-08,3.037214033133207e-09,-3.1416082263288083e-09,-2.484385175314961e-09,57,3.012718037819096e-07,3.5027998981336635e-07
2.3218813425325138e-08,-6.285820179018903e-10,8.340619094927409e-09,2.1684631267183504e-08,3.3419555116467197e-09,-3.448819937765066e-09,-1.12675420300283e-08,57,3.012718037819096e-07,3.425128790952971e-07
1.6955916387729665e-08,1.259426785775476e-09,4.420822852113511e-09,7.414784725997627e-09,1.2494008466950689e-08,-1.5585748687957581e-09,1.0340766691194563e-08,58,3.012718037819096e-07,3.525989548228754e-07
1.728716380505099e-08,1.2354642810909342e-09,4.36677137631488e-09,7.813580498565257e-09,1.2472871696538748e-08,-1.8251963926748994e-09,6.245449878344383e-09,58,3.012718037819096e-07,3.488679089251399e-07
1.77739129163847e-08,1.1660695512667534e-09,4.212182668121046e-09,8.369216199634843e-09,1.2470741078158633e-08,-2.379974967165455e-09,-3.0526355356519966e-09,58,3.012718037819096e-07,3.398313156926581e-07
1.7989776729574696e-08,1.0740622675290714e-09,4.009399378487065e-09,8.56335404043861e-09,1.2525431053684349e-08,-2.9166876067139796e-09,-1.3038020479966821e-08,58,3.012718037819096e-07,3.2947911916494256e-07
1.962836316112535e-08,2.023337646711011e-10,5.335506706016603e-09,1.521610340273934e-08,8.47726124523362e-09,-1.8231353510443124e-09,8.779329121738763e-09,59,3.012718037819096e-07,3.5708756583239006e-07
1.9844389716614944e-08,1.9446984488342255e-10,5.213600657661858e-09,1.622802210328681e-08,8.474928250410405e-09,-2.0012077083440476e-09,5.31575712638319e-09,59,3.012718037819096e-07,3.5454176377280617e-07
2.0094358764842157e-08,1.7613516766939532e-10,4.909164249013525e-09,1.814898727838273e-08,8.626389368289714e-09,-2.354186628774549e-09,-2.5808746245873107e-09,59,3.012718037819096e-07,3.4829177735674523e-07
2.0084077435483647e-08,1.5588617612408222e-10,4.55030891779985e-09,1.9777212522540687e-08,8.973825107057285e-09,-2.673462707050655e-09,-1.1100480307070805e-08,59,3.012718037819096e-07,3.410391709267937e-07
-1.7074611251504402e-08,2.5423197509750316e-10,2.50493337856036e-09,1.5341674987736042e-09,1.087198381862708e-09,2.032351561046821e-08,1.1893728972816417e-08,60,3.012718037819096e-07,3.21794968347984e-07
-1.7687376653668907e-08,2.355015796332972e-10,2.4924180719668604e-09,8.944667465833792e-10,9.365004374674756e-10,2.0925305536332238e-08,6.902651024951208e-09,60,3.012718037819096e-07,3.1597127052517514e-07
-1.8713668628561258e-08,1.9431699997019597e-10,2.446353409692363e-09,-4.25338767897083e-10,5.918359789816633e-10,2.1878837605950223e-08,-3.767758236037913e-09,60,3.012718037819096e-07,3.034763821440078e-07
-1.939294971365115e-08,1.515957717712848e-10,2.376554882136435e-09,-1.690507958769237e-09,2.1757127651198976e-10,2.2422409400882375e-08,-1.4469596434980704e-08,60,3.012718037819096e-07,2.908868810058106e-07
0.0,-5.912942302548344e-10,2.0143954202558282e-09,-6.702194086115896e-09,1.911857831715355e-08,-9.675547231879195e-09,1.30682990887286e-08,61,3.012718037819096e-07,3.1850404105979766e-07
-1.3623797501004928e-10,-6.043728506816629e-10,2.0863544686656785e-09,-7.45311478803672e-09,1.9238383953010698e-08,-9.951367899148992e-09,7.502550776462958e-09,61,3.012718037819096e-07,3.119539994671715e-07
-4.1753309088191646e-10,-6.173707271943679e-10,2.222773237435125e-09,-8.862489159792338e-09,1.934783475836894e-08,-1.0391623457045947e-08,-4.202269726093523e-09,61,3.012718037819096e-07,2.9835112561670555e-07
-6.851795804056939e-10,-6.123210263916035e-10,2.3379658718146274e-09,-1.0036231901959618e-08,1.9279229664204992e-08,-1.0648241982081967e-08,-1.569786619915524e-08,61,3.012718037819096e-07,2.852091586279351e-07
-8.541061393948165e-09,-1.3603500950861427e-10,8.264372777768997e-10,1.286378725562427e-08,1.8263540842054718e-09,1.220106243141324e-08,8.152509670853458e-09,62,3.012718037819096e-07,3.2846485809832614e-07
-8.69119439096041e-09,-1.1233536481563852e-10,8.026498405474769e-10,1.3904650594414986e-08,2.029720788196461e-09,1.273810673522632e-08,4.966373514383687e-09,62,3.012718037819096e-07,3.2690977549890244e-07
-8.932898861891834e-09,-6.2562929715864e-11,7.429304003704975e-10,1.5756362889742438e-08,2.32700314334066e-09,1.366361299067561e-08,-2.3744752001535363e-09,62,3.012718037819096e-07,3.223917762142776e-07
-9.07754356898423e-09,-1.3748566764780124e-11,6.72200667419709e-10,1.7155319133517972e-08,2.4554799255114944e-09,1.4316247622548752e-08,-1.0387034662597556e-08,62,3.012718037819096e-07,3.1639272433256094e-07
-1.6924768703695352e-08,8.711797529649402e-11,-5.985261294297696e-09,1.4130948508221483e-08,-1.4074534301214914e-08,1.1260444275351636e-08,9.854927376413062e-09,63,3.012718037819096e-07,2.996206776179843e-07
-1.724383513441481e-08,8.564309450383942e-11,-5.952839668122149e-09,1.4687608959411885e-08,-1.4776308083128313e-08,1.1545910684589515e-08,5.79247450347742e-09,63,3.012718037819096e-07,2.95410458138227e-07
-1.7695862164472173e-08,8.086894919557751e-11,-5.8345720016412635e-09,1.5547503299596928e-08,-1.613928008417804e-08,1.1978789086773468e-08,-3.056568876532328e-09,63,3.012718037819096e-07,2.8615268199065177e-07
-1.7865282938600834e-08,7.408028951018715e-11,-5.6558599414726045e-09,1.600465733762084e-08,-1.7339083306742143e-08,1.219350387201609e-08,-1.2133859584034818e-08,63,3.012718037819096e-07,2.765499595102063e-07
-7.243431528692871e-09,-2.2070579592634927e-10,4.280353593658327e-09,1.5129731207541638e-08,3.1471829699652796e-09,-7.101013695172735e-09,9.566643157101083e-09,64,3.012718037819096e-07,3.18830563690384e-07
-7.430703168242722e-09,-2.0934967343169969e-10,4.220365848669137e-09,1.6185043986484256e-08,3.3034024120363497e-09,-7.349493886894476e-09,5.666997253944645e-09,64,3.012718037819096e-07,3.1565806655447505e-07
-7.73820465252553e-09,-1.8257449436036585e-10,4.040275088048706e-09,1.8081575958777156e-08,3.6025112574089573e-09,-7.77187543270003e-09,-2.9290278911998673e-09,64,3.012718037819096e-07,3.083744836153586e-07
-7.931879744802392e-09,-1.5264156737555453e-10,3.795980554808107e-09,1.9541728338818503e-08,3.861002711189449e-09,-8.060674274241939e-09,-1.1863817618847164e-08,64,3.012718037819096e-07,3.0046150218145857e-07
2.1856347995946086e-08,1.7759920409594198e-10,-1.5575809698632545e-09,-3.3731033368977032e-09,-9.99970428763426e-09,-6.0234336655513045e-09,1.1903268297803338e-08,65,3.012718037819096e-07,3.1425519701980845e-07
2.2035554970154046e-08,1.8146035800724703e-10,-1.595644968252423e-09,-3.96422313584767e-09,-9.997126877003753e-09,-5.953795236411216e-09,6.981702185912867e-09,65,3.012718037819096e-07,3.0895973107846867e-07
2.2072579109390295e-08,1.859431458395018e-10,-1.6618839110870341e-09,-5.14060751860742e-09,-9.998973837532993e-09,-5.7500290397834786e-09,-3.6941661739142898e-09,65,3.012718037819096e-07,2.9728466555621414e-07
2.1682602859035548e-08,1.8578241232556449e-10,-1.709720196314775e-09,-6.212383020139011e-09,-1.0013447673766709e-08,-5.477326885007924e-09,-1.4591956951802524e-08,65,3.012718037819096e-07,2.851353543262398e-07
-2.1026601102917787e-08,-1.3025306008348284e-10,-8.286317085525538e-09,1.8790847968538954e-08,-8.395376603371186e-09,-7.692131195111253e-09,1.0151294154815913e-08,66,3.012718037819096e-07,2.846832668582552e-07
-2.1530814926106096e-08,-1.1450672518365351e-10,-8.239506614561808e-09,1.9499008045275725e-08,-8.502381988718977e-09,-7.853431030171975e-09,5.884996314369073e-09,66,3.012718037819096e-07,2.804151668568119e-07
-2.2299980847449576e-08,-8.090617794667036e-11,-8.048811388140299e-09,2.0574706137130713e-08,-8.744051008619525e-09,-8.09130023855886e-09,-3.223918233669953e-09,66,3.012718037819096e-07,2.7135754202465543e-07
-2.2690499904013833e-08,-4.7291377199347806e-11,-7.746088772142273e-09,2.1114472138961633e-08,-9.003894041620931e-09,-8.197509374705408e-09,-1.234259277357419e-08,66,3.012718037819096e-07,2.6235839967761523e-07
1.975772200121118e-08,3.757317472328978e-10,5.259622670737693e-09,1.4312880162299643e-08,8.30322618392751e-09,-1.929394925450292e-09,8.737476696373067e-09,67,3.012718037819096e-07,3.560890683182413e-07
1.99600880244382e-08,3.4103431943962357e-10,5.139019189435638e-09,1.5348901484953e-08,8.302360998920915e-09,-2.103295765309214e-09,5.279187941493323e-09,67,3.012718037819096e-07,3.535390999752811e-07
2.018094500030553e-08,2.653037474857646e-10,4.838552142400565e-09,1.7345210075768124e-08,8.456890741877156e-09,-2.4449442253723795e-09,-2.5785297607111763e-09,67,3.012718037819096e-07,3.4733523150366315e-07
2.0141541857545455e-08,1.874678302566748e-10,4.485133834771777e-09,1.907805060868963e-08,8.807201162114481e-09,-2.749907350237166e-09,-1.1025374488506375e-08,67,3.012718037819096e-07,3.4019591723654406e-07
1.978785827382425e-08,-4.1814903040926185e-10,5.287973114400461e-09,1.3723092004857482e-08,7.916313700573099e-09,-1.9924865592025507e-09,8.558979572930227e-09,68,3.012718037819096e-07,3.541353848588833e-07
1.999878122230962e-08,-3.797723234734893e-10,5.165622260073559e-09,1.4768259048130344e-08,7.917991276041806e-09,-2.16312426092742e-09,5.173764952779563e-09,68,3.012718037819096e-07,3.5175332595684357e-07
2.023602405513932e-08,-2.957945997287731e-10,4.860993581456945e-09,1.6793657053314852e-08,8.084198121188231e-09,-2.497122359553233e-09,-2.5242444537263582e-09,68,3.012718037819096e-07,3.4592951518000055e-07
2.0210689454879237e-08,-2.0923018896196643e-10,4.502869033598889e-09,1.8567383921510172e-08,8.453900492789145e-09,-2.793590593812007e-09,-1.0806688853525632e-08,68,3.012718037819096e-07,3.391971370483874e-07
-3.5915719519809385e-08,4.903876062077637e-11,3.469441896124516e-09,1.1318537693656496e-08,-1.858220435754689e-08,-5.392167195508491e-09,1.0107936624655984e-08,69,3.012718037819096e-07,2.663266676841026e-07
-3.635838960503475e-08,6.965294219290081e-11,3.4747898965088484e-09,1.1636468116775977e-08,-1.8931671915672985e-08,-5.471967159605803e-09,5.735135519364361e-09,69,3.012718037819096e-07,2.614258215764381e-07
-3.6742529899594835e-08,1.107200686920902e-10,3.454856653436418e-09,1.2127626253300064e-08,-1.9452811175639642e-08,-5.575466402754543e-09,-3.3186110043740334e-09,69,3.012718037819096e-07,2.518755882749751e-07
-3.6434051080848514e-08,1.4818730926847413e-10,3.3962997212207804e-09,1.2388295163144999e-08,-1.96996948189183e-08,-5.596318808779341e-09,-1.2034652628212755e-08,69,3.012718037819096e-07,2.4343986863878493e-07
1.975772200121118e-08,3.757317472328978e-10,5.259622670737693e-09,1.4312880162299643e-08,8.30322618392751e-09,-1.929394925450292e-09,8.737476696373067e-09,70,3.012718037819096e-07,3.560890683182413e-07
1.99600880244382e-08,3.4103431943962357e-10,5.139019189435638e-09,1.5348901484953e-08,8.302360998920915e-09,-2.103295765309214e-09,5.279187941493323e-09,70,3.012718037819096e-07,3.535390999752811e-07
2.018094500030553e-08,2.653037474857646e-10,4.838552142400565e-09,1.7345210075768124e-08,8.456890741877156e-09,-2.4449442253723795e-09,-2.5785297607111763e-09,70,3.012718037819096e-07,3.4733523150366315e-07
2.0141541857545455e-08,1.874678302566748e-10,4.485133834771777e-09,1.907805060868963e-08,8.807201162114481e-09,-2.749907350237166e-09,-1.1025374488506375e-08,70,3.012718037819096e-07,3.4019591723654406e-07
1.659592486225081e-08,-3.554146017191826e-10,5.32681149562781e-09,1.7098658385465715e-08,2.4511112500418146e-09,4.455885851020568e-10,7.524018356546197e-09,71,3.012718037819096e-07,3.503585021152248e-07
1.69150989926315e-08,-3.188310696940868e-10,5.2650187848942854e-09,1.793497805000745e-08,2.7398832656714533e-09,7.412561455550254e-10,4.748015669301839e-09,71,3.012718037819096e-07,3.4929722362027706e-07
1.7392382139094616e-08,-2.393377447400691e-10,5.080199732651812e-09,1.930297252053794e-08,3.2035425072261455e-09,1.3785668637139419e-09,-2.0404945891718427e-09,71,3.012718037819096e-07,3.453496352112221e-07
1.761810842346972e-08,-1.5803773202126111e-10,4.830186912814714e-09,2.0159827388671283e-08,3.4787416803557774e-09,2.023095597026892e-09,-9.898918378672913e-09,71,3.012718037819096e-07,3.393248076735538e-07
-3.068428666713453e-08,1.861035099530253e-10,-4.3334682265921736e-09,-9.4067708632098e-09,2.268733084651356e-08,-1.1181715852483287e-08,1.1875658646141409e-08,72,3.012718037819096e-07,2.804146551750978e-07
-3.081161328633584e-08,1.9718623102121907e-10,-4.294916854925842e-09,-1.014536278511804e-08,2.3061834121040742e-08,-1.1436615171724725e-08,6.6642145333161086e-09,72,3.012718037819096e-07,2.745065305691832e-07
-3.065343999562618e-08,2.1484177443884714e-10,-4.193025522106951e-09,-1.1474879225205113e-08,2.3611063796775917e-08,-1.1809561611823919e-08,-3.963725841226195e-09,72,3.012718037819096e-07,2.63003077157136e-07
-2.996493058587309e-08,2.2512247969837777e-10,-4.067165312271932e-09,-1.2500546433347943e-08,2.3853858418293342e-08,-1.1970725905890086e-08,-1.3985380514689597e-08,72,3.012718037819096e-07,2.5286203592782864e-07
